corpus 1	corpus 2	distance
TwitterClassic_output_1.tsv	E0034_Easy_output_1.tsv	0.16694766181101614
TwitterClassic_output_1.tsv	CSS_output_1.tsv	0.212547791606765
TwitterClassic_output_1.tsv	CC++_output_1.tsv	0.30306325076725316
TwitterClassic_output_1.tsv	Java_output_1.tsv	0.2792900041176903
TwitterClassic_output_1.tsv	Javascript_output_1.tsv	0.23306396210632288
TwitterClassic_output_1.tsv	Ester_output_1.tsv	0.17563974153547393
TwitterClassic_output_1.tsv	Python_output_1.tsv	0.32398964951657766
CSS_output_1.tsv	CC++_output_1.tsv	0.2803429951474107
Java_output_1.tsv	E0034_Easy_output_1.tsv	0.17221340074395447
Java_output_1.tsv	CSS_output_1.tsv	0.26247475337999826
Java_output_1.tsv	CC++_output_1.tsv	0.11735441824540688
Java_output_1.tsv	Ester_output_1.tsv	0.1605653034670133
Javascript_output_1.tsv	E0034_Easy_output_1.tsv	0.1450966588082669
Javascript_output_1.tsv	CSS_output_1.tsv	0.19023083006465302
Javascript_output_1.tsv	CC++_output_1.tsv	0.1652917396566108
Javascript_output_1.tsv	Java_output_1.tsv	0.1664053964806614
Javascript_output_1.tsv	Ester_output_1.tsv	0.1557554084489626
Wiki_output_1.tsv	TwitterClassic_output_1.tsv	0.1478083166740917
Wiki_output_1.tsv	CSS_output_1.tsv	0.16513290676552422
Wiki_output_1.tsv	Java_output_1.tsv	0.21600657149415914
Wiki_output_1.tsv	Javascript_output_1.tsv	0.16541948868763248
Wiki_output_1.tsv	W0017_output_1.tsv	0.0518933816318361
Wiki_output_1.tsv	W0036-01_output_1.tsv	0.05652913485472433
Wiki_output_1.tsv	TwitterPop_output_1.tsv	0.12535991919462405
Wiki_output_1.tsv	E0034_Easy_output_1.tsv	0.07303107008039189
Wiki_output_1.tsv	W0015_output_1.tsv	0.07521454404152607
Wiki_output_1.tsv	CC++_output_1.tsv	0.2348053730303822
Wiki_output_1.tsv	W0066_output_1.tsv	0.04610848647280828
Wiki_output_1.tsv	W0065_output_1.tsv	0.05167257593728524
Wiki_output_1.tsv	Ester_output_1.tsv	0.06311503263449031
Wiki_output_1.tsv	W0058_output_1.tsv	0.06604200133877086
Wiki_output_1.tsv	Python_output_1.tsv	0.24040220142032648
Wiki_output_1.tsv	W0057_output_1.tsv	0.059635745487358574
W0017_output_1.tsv	TwitterClassic_output_1.tsv	0.14394724326659647
W0017_output_1.tsv	TwitterPop_output_1.tsv	0.09986903862417133
W0017_output_1.tsv	E0034_Easy_output_1.tsv	0.06842254851158217
W0017_output_1.tsv	CSS_output_1.tsv	0.17551979320106154
W0017_output_1.tsv	W0015_output_1.tsv	0.06027261236438079
W0017_output_1.tsv	CC++_output_1.tsv	0.18432839521847189
W0017_output_1.tsv	Java_output_1.tsv	0.17685466978464556
W0017_output_1.tsv	Javascript_output_1.tsv	0.13508188763558968
W0017_output_1.tsv	Ester_output_1.tsv	0.049882060846444136
W0017_output_1.tsv	Python_output_1.tsv	0.19041431488679542
W0036-01_output_1.tsv	TwitterClassic_output_1.tsv	0.17688915782066045
W0036-01_output_1.tsv	TwitterPop_output_1.tsv	0.13768627963177113
W0036-01_output_1.tsv	E0034_Easy_output_1.tsv	0.049458525889428104
W0036-01_output_1.tsv	CSS_output_1.tsv	0.19847465798108888
W0036-01_output_1.tsv	W0015_output_1.tsv	0.033484232364808915
W0036-01_output_1.tsv	CC++_output_1.tsv	0.2175895072532411
W0036-01_output_1.tsv	Java_output_1.tsv	0.1742278233228712
W0036-01_output_1.tsv	Javascript_output_1.tsv	0.15899740865267928
W0036-01_output_1.tsv	Ester_output_1.tsv	0.02234396752995192
W0036-01_output_1.tsv	W0017_output_1.tsv	0.03774474115531878
W0036-01_output_1.tsv	Python_output_1.tsv	0.2119805637138817
TwitterPop_output_1.tsv	TwitterClassic_output_1.tsv	0.09501773560273223
TwitterPop_output_1.tsv	E0034_Easy_output_1.tsv	0.12671589816583298
TwitterPop_output_1.tsv	CSS_output_1.tsv	0.21689609965566758
TwitterPop_output_1.tsv	CC++_output_1.tsv	0.27752045928827523
TwitterPop_output_1.tsv	Java_output_1.tsv	0.2434268778847109
TwitterPop_output_1.tsv	Javascript_output_1.tsv	0.19334107258395392
TwitterPop_output_1.tsv	Ester_output_1.tsv	0.12896799469241332
TwitterPop_output_1.tsv	Python_output_1.tsv	0.2747948393993916
E0034_Easy_output_1.tsv	CSS_output_1.tsv	0.18379126702536847
E0034_Easy_output_1.tsv	CC++_output_1.tsv	0.22417816715735717
W0015_output_1.tsv	TwitterClassic_output_1.tsv	0.19192707462375247
W0015_output_1.tsv	TwitterPop_output_1.tsv	0.15464321470744272
W0015_output_1.tsv	E0034_Easy_output_1.tsv	0.05772060770378539
W0015_output_1.tsv	CSS_output_1.tsv	0.21539640354206382
W0015_output_1.tsv	CC++_output_1.tsv	0.1711289783940372
W0015_output_1.tsv	Java_output_1.tsv	0.15943353169701088
W0015_output_1.tsv	Javascript_output_1.tsv	0.17060207199715402
W0015_output_1.tsv	Ester_output_1.tsv	0.027708713437522094
W0015_output_1.tsv	Python_output_1.tsv	0.1726573503374396
W0066_output_1.tsv	TwitterClassic_output_1.tsv	0.13996862322244738
W0066_output_1.tsv	CSS_output_1.tsv	0.17389326605492414
W0066_output_1.tsv	Java_output_1.tsv	0.20138513377854367
W0066_output_1.tsv	Javascript_output_1.tsv	0.17310598485297818
W0066_output_1.tsv	W0017_output_1.tsv	0.027701037118252912
W0066_output_1.tsv	W0036-01_output_1.tsv	0.0458404062771798
W0066_output_1.tsv	TwitterPop_output_1.tsv	0.11134903126537694
W0066_output_1.tsv	E0034_Easy_output_1.tsv	0.07112032123879991
W0066_output_1.tsv	W0015_output_1.tsv	0.06334757841055252
W0066_output_1.tsv	CC++_output_1.tsv	0.23642932033364472
W0066_output_1.tsv	W0065_output_1.tsv	0.01383076700889455
W0066_output_1.tsv	Ester_output_1.tsv	0.05612380345580952
W0066_output_1.tsv	W0058_output_1.tsv	0.0332488594907773
W0066_output_1.tsv	Python_output_1.tsv	0.24106573015078175
W0066_output_1.tsv	W0057_output_1.tsv	0.02837701799597722
W0065_output_1.tsv	TwitterClassic_output_1.tsv	0.14168784160357087
W0065_output_1.tsv	CSS_output_1.tsv	0.18116215905463026
W0065_output_1.tsv	Java_output_1.tsv	0.20249237435223266
W0065_output_1.tsv	Javascript_output_1.tsv	0.1756985274893253
W0065_output_1.tsv	W0017_output_1.tsv	0.028735365527234175
W0065_output_1.tsv	W0036-01_output_1.tsv	0.04346678423691879
W0065_output_1.tsv	TwitterPop_output_1.tsv	0.10914048035115576
W0065_output_1.tsv	E0034_Easy_output_1.tsv	0.07052090754147707
W0065_output_1.tsv	W0015_output_1.tsv	0.06092229518136257
W0065_output_1.tsv	CC++_output_1.tsv	0.23788568018007086
W0065_output_1.tsv	Ester_output_1.tsv	0.05303531202590766
W0065_output_1.tsv	W0058_output_1.tsv	0.029831997570267447
W0065_output_1.tsv	Python_output_1.tsv	0.2394792971276904
W0065_output_1.tsv	W0057_output_1.tsv	0.02065234636240118
Ester_output_1.tsv	E0034_Easy_output_1.tsv	0.045276365699049526
Ester_output_1.tsv	CSS_output_1.tsv	0.20526158139276945
Ester_output_1.tsv	CC++_output_1.tsv	0.20288800969493503
W0058_output_1.tsv	TwitterClassic_output_1.tsv	0.15029387853107473
W0058_output_1.tsv	CSS_output_1.tsv	0.19289789978575117
W0058_output_1.tsv	Java_output_1.tsv	0.183527905822414
W0058_output_1.tsv	Javascript_output_1.tsv	0.17784607041794304
W0058_output_1.tsv	W0017_output_1.tsv	0.02068507145005236
W0058_output_1.tsv	W0036-01_output_1.tsv	0.042956775639327205
W0058_output_1.tsv	TwitterPop_output_1.tsv	0.09987573987984642
W0058_output_1.tsv	E0034_Easy_output_1.tsv	0.07538143750149424
W0058_output_1.tsv	W0015_output_1.tsv	0.0610085274258775
W0058_output_1.tsv	CC++_output_1.tsv	0.23546548266925277
W0058_output_1.tsv	Ester_output_1.tsv	0.045962457481301275
W0058_output_1.tsv	Python_output_1.tsv	0.23541599918230077
W0058_output_1.tsv	W0057_output_1.tsv	0.013220665891672978
Python_output_1.tsv	E0034_Easy_output_1.tsv	0.20897975472535538
Python_output_1.tsv	CSS_output_1.tsv	0.32664793481638515
Python_output_1.tsv	CC++_output_1.tsv	0.14674641408900527
Python_output_1.tsv	Java_output_1.tsv	0.13927846646776737
Python_output_1.tsv	Javascript_output_1.tsv	0.22027919400367035
Python_output_1.tsv	Ester_output_1.tsv	0.19600678510394606
W0057_output_1.tsv	TwitterClassic_output_1.tsv	0.1404614889604983
W0057_output_1.tsv	TwitterPop_output_1.tsv	0.09309902354684167
W0057_output_1.tsv	E0034_Easy_output_1.tsv	0.07614447457264535
W0057_output_1.tsv	CSS_output_1.tsv	0.18321267336247754
W0057_output_1.tsv	W0015_output_1.tsv	0.06049426581938284
W0057_output_1.tsv	CC++_output_1.tsv	0.23139953807634503
W0057_output_1.tsv	Java_output_1.tsv	0.18624371800707792
W0057_output_1.tsv	Javascript_output_1.tsv	0.16891850225602303
W0057_output_1.tsv	Ester_output_1.tsv	0.05050008274894352
W0057_output_1.tsv	W0017_output_1.tsv	0.0224792842068422
W0057_output_1.tsv	W0036-01_output_1.tsv	0.04499793014802567
W0057_output_1.tsv	Python_output_1.tsv	0.23879309198806484
