corpus 1	corpus 2	distance
E0034_Easy_output_2.tsv	CSS_output_2.tsv	0.37190913184184987
E0034_Easy_output_2.tsv	CC++_output_2.tsv	0.40537987085328675
TwitterPop_output_2.tsv	Python_output_2.tsv	0.3502565820911694
TwitterPop_output_2.tsv	TwitterClassic_output_2.tsv	0.12896489425007057
TwitterPop_output_2.tsv	E0034_Easy_output_2.tsv	0.21061432026549495
TwitterPop_output_2.tsv	CSS_output_2.tsv	0.30232841756306683
TwitterPop_output_2.tsv	Java_output_2.tsv	0.34346329535565057
TwitterPop_output_2.tsv	Ester_output_2.tsv	0.17859517823570462
TwitterPop_output_2.tsv	Javascript_output_2.tsv	0.2680247758249136
TwitterPop_output_2.tsv	CC++_output_2.tsv	0.3416117005687498
Wiki_output_2.tsv	E0034_Easy_output_2.tsv	0.1672505072448989
Wiki_output_2.tsv	TwitterPop_output_2.tsv	0.23163908785313905
Wiki_output_2.tsv	Java_output_2.tsv	0.4557328147089087
Wiki_output_2.tsv	W0015_output_2.tsv	0.13956452487011473
Wiki_output_2.tsv	Ester_output_2.tsv	0.14622508561780595
Wiki_output_2.tsv	W0058_output_2.tsv	0.15752542625670524
Wiki_output_2.tsv	W0065_output_2.tsv	0.11928500909049311
Wiki_output_2.tsv	CC++_output_2.tsv	0.47818387001307844
Wiki_output_2.tsv	W0057_output_2.tsv	0.15168706359344666
Wiki_output_2.tsv	W0066_output_2.tsv	0.12501196099923373
Wiki_output_2.tsv	Python_output_2.tsv	0.48250382315427076
Wiki_output_2.tsv	TwitterClassic_output_2.tsv	0.24202569223829054
Wiki_output_2.tsv	W0036-01_output_2.tsv	0.14787642388891722
Wiki_output_2.tsv	CSS_output_2.tsv	0.47870505963867305
Wiki_output_2.tsv	Javascript_output_2.tsv	0.4161765813323145
Wiki_output_2.tsv	W0017_output_2.tsv	0.13654705368959047
Java_output_2.tsv	E0034_Easy_output_2.tsv	0.4174307524463283
Java_output_2.tsv	CSS_output_2.tsv	0.2436038574576009
Java_output_2.tsv	Ester_output_2.tsv	0.4066697718302159
Java_output_2.tsv	CC++_output_2.tsv	0.12803357242345512
W0015_output_2.tsv	Python_output_2.tsv	0.40952358956672763
W0015_output_2.tsv	TwitterClassic_output_2.tsv	0.230477208698306
W0015_output_2.tsv	E0034_Easy_output_2.tsv	0.1496502750779212
W0015_output_2.tsv	TwitterPop_output_2.tsv	0.22255004896645794
W0015_output_2.tsv	CSS_output_2.tsv	0.4150986972260879
W0015_output_2.tsv	Java_output_2.tsv	0.38639580690450104
W0015_output_2.tsv	Ester_output_2.tsv	0.09933812744972949
W0015_output_2.tsv	Javascript_output_2.tsv	0.3422773423665553
W0015_output_2.tsv	CC++_output_2.tsv	0.3783089444582577
Ester_output_2.tsv	E0034_Easy_output_2.tsv	0.1113849902396332
Ester_output_2.tsv	CSS_output_2.tsv	0.42064519567409653
Ester_output_2.tsv	CC++_output_2.tsv	0.41238378561576927
W0058_output_2.tsv	E0034_Easy_output_2.tsv	0.12578260211463746
W0058_output_2.tsv	TwitterPop_output_2.tsv	0.17611234733888445
W0058_output_2.tsv	Java_output_2.tsv	0.23124881224499785
W0058_output_2.tsv	W0015_output_2.tsv	0.09868120589845683
W0058_output_2.tsv	Ester_output_2.tsv	0.10210208656070396
W0058_output_2.tsv	CC++_output_2.tsv	0.26700892349332833
W0058_output_2.tsv	W0057_output_2.tsv	0.03834700693982575
W0058_output_2.tsv	Python_output_2.tsv	0.21521178655053924
W0058_output_2.tsv	TwitterClassic_output_2.tsv	0.21218472745185488
W0058_output_2.tsv	W0036-01_output_2.tsv	0.08909948636172514
W0058_output_2.tsv	CSS_output_2.tsv	0.3518833081629036
W0058_output_2.tsv	Javascript_output_2.tsv	0.28603068753351446
W0058_output_2.tsv	W0017_output_2.tsv	0.0570797582475715
W0065_output_2.tsv	E0034_Easy_output_2.tsv	0.14110946836949517
W0065_output_2.tsv	TwitterPop_output_2.tsv	0.2121130960534044
W0065_output_2.tsv	Java_output_2.tsv	0.2740522476477753
W0065_output_2.tsv	W0015_output_2.tsv	0.07841358275885324
W0065_output_2.tsv	Ester_output_2.tsv	0.10119835340878253
W0065_output_2.tsv	W0058_output_2.tsv	0.08811286611707
W0065_output_2.tsv	CC++_output_2.tsv	0.3133133527939588
W0065_output_2.tsv	W0057_output_2.tsv	0.07889122856545143
W0065_output_2.tsv	Python_output_2.tsv	0.2575387442736328
W0065_output_2.tsv	TwitterClassic_output_2.tsv	0.23253042581096076
W0065_output_2.tsv	W0036-01_output_2.tsv	0.08232624553026889
W0065_output_2.tsv	CSS_output_2.tsv	0.40233368846296885
W0065_output_2.tsv	Javascript_output_2.tsv	0.3413325741966659
W0065_output_2.tsv	W0017_output_2.tsv	0.08805118407967791
W0057_output_2.tsv	Python_output_2.tsv	0.4123362187505697
W0057_output_2.tsv	TwitterClassic_output_2.tsv	0.20457968931923423
W0057_output_2.tsv	W0036-01_output_2.tsv	0.1014855401737721
W0057_output_2.tsv	E0034_Easy_output_2.tsv	0.14219865413542399
W0057_output_2.tsv	TwitterPop_output_2.tsv	0.1741387111723589
W0057_output_2.tsv	CSS_output_2.tsv	0.4009482807838092
W0057_output_2.tsv	Java_output_2.tsv	0.3931229272676787
W0057_output_2.tsv	W0015_output_2.tsv	0.12527764704441122
W0057_output_2.tsv	Ester_output_2.tsv	0.10905461530225889
W0057_output_2.tsv	Javascript_output_2.tsv	0.3406145433517564
W0057_output_2.tsv	CC++_output_2.tsv	0.40063457183997747
W0057_output_2.tsv	W0017_output_2.tsv	0.057477393729444964
W0066_output_2.tsv	E0034_Easy_output_2.tsv	0.13814621967211516
W0066_output_2.tsv	TwitterPop_output_2.tsv	0.22064864362171194
W0066_output_2.tsv	Java_output_2.tsv	0.28597822546451823
W0066_output_2.tsv	W0015_output_2.tsv	0.08140076151171702
W0066_output_2.tsv	Ester_output_2.tsv	0.10773277155403439
W0066_output_2.tsv	W0058_output_2.tsv	0.0825128268023321
W0066_output_2.tsv	W0065_output_2.tsv	0.05194809599004584
W0066_output_2.tsv	CC++_output_2.tsv	0.33327382846809983
W0066_output_2.tsv	W0057_output_2.tsv	0.08731031981509774
W0066_output_2.tsv	Python_output_2.tsv	0.2706432534364568
W0066_output_2.tsv	TwitterClassic_output_2.tsv	0.2409624921702328
W0066_output_2.tsv	W0036-01_output_2.tsv	0.09176649715566476
W0066_output_2.tsv	CSS_output_2.tsv	0.4056870430252897
W0066_output_2.tsv	Javascript_output_2.tsv	0.35330427125835556
W0066_output_2.tsv	W0017_output_2.tsv	0.08899239829083191
Python_output_2.tsv	E0034_Easy_output_2.tsv	0.42724035275630606
Python_output_2.tsv	CSS_output_2.tsv	0.264429767439976
Python_output_2.tsv	Java_output_2.tsv	0.12403763438238728
Python_output_2.tsv	Ester_output_2.tsv	0.43744419392414713
Python_output_2.tsv	Javascript_output_2.tsv	0.2777851640302099
Python_output_2.tsv	CC++_output_2.tsv	0.1482303328634455
TwitterClassic_output_2.tsv	Python_output_2.tsv	0.3406850150456727
TwitterClassic_output_2.tsv	E0034_Easy_output_2.tsv	0.24402323007093757
TwitterClassic_output_2.tsv	CSS_output_2.tsv	0.2980464322695357
TwitterClassic_output_2.tsv	Java_output_2.tsv	0.3303942152034503
TwitterClassic_output_2.tsv	Ester_output_2.tsv	0.21511917706586894
TwitterClassic_output_2.tsv	Javascript_output_2.tsv	0.22908410365108942
TwitterClassic_output_2.tsv	CC++_output_2.tsv	0.32120939177234253
W0036-01_output_2.tsv	Python_output_2.tsv	0.42717191638543905
W0036-01_output_2.tsv	TwitterClassic_output_2.tsv	0.21225320635555459
W0036-01_output_2.tsv	E0034_Easy_output_2.tsv	0.13251582328233782
W0036-01_output_2.tsv	TwitterPop_output_2.tsv	0.19445604855517992
W0036-01_output_2.tsv	CSS_output_2.tsv	0.44812746458812724
W0036-01_output_2.tsv	Java_output_2.tsv	0.41612855202350646
W0036-01_output_2.tsv	W0015_output_2.tsv	0.0675203756611293
W0036-01_output_2.tsv	Ester_output_2.tsv	0.09358761594726524
W0036-01_output_2.tsv	Javascript_output_2.tsv	0.37150626642675033
W0036-01_output_2.tsv	CC++_output_2.tsv	0.41157692368770904
W0036-01_output_2.tsv	W0017_output_2.tsv	0.07932037334903601
CSS_output_2.tsv	CC++_output_2.tsv	0.21945580356407093
Javascript_output_2.tsv	E0034_Easy_output_2.tsv	0.34159104581535377
Javascript_output_2.tsv	CSS_output_2.tsv	0.1996404896043555
Javascript_output_2.tsv	Java_output_2.tsv	0.25455967857096523
Javascript_output_2.tsv	Ester_output_2.tsv	0.34165940393979854
Javascript_output_2.tsv	CC++_output_2.tsv	0.22707559122480483
W0017_output_2.tsv	Python_output_2.tsv	0.20090318320898404
W0017_output_2.tsv	TwitterClassic_output_2.tsv	0.19091573595390443
W0017_output_2.tsv	E0034_Easy_output_2.tsv	0.1374359784569136
W0017_output_2.tsv	TwitterPop_output_2.tsv	0.16945052734239183
W0017_output_2.tsv	CSS_output_2.tsv	0.3169531571610544
W0017_output_2.tsv	Java_output_2.tsv	0.21942585637688136
W0017_output_2.tsv	W0015_output_2.tsv	0.08933971594124636
W0017_output_2.tsv	Ester_output_2.tsv	0.10565303622909537
W0017_output_2.tsv	Javascript_output_2.tsv	0.26462126492285415
W0017_output_2.tsv	CC++_output_2.tsv	0.23742328329957482
